{
	"overlays": [
		{
			"name": "header",
			"x": 0,
			"y": 0,
			"w": 0.99999994,
			"h": 0.240802675
		},
		{
			"name": "body",
			"x": 0,
			"y": 0.240802675,
			"w": 0.99999994,
			"h": 0.759197295
		}
	]
}