{
	"overlays": [
		{
			"name": "inst-selector",
			"x": 0.0189655162,
			"y": 0.0437956192,
			"w": 0.770689666,
			"h": 0.145985395
		},
		{
			"name": "inst-navigation",
			"x": 0.789655149,
			"y": 0.0474452563,
			"w": 0.181034476,
			"h": 0.138686135
		},
		{
			"name": "mute-solo",
			"x": 0.153448269,
			"y": 0.44890511,
			"w": 0.068965517,
			"h": 0.295620441
		}
	]
}