{
	"overlays": [
		{
			"name": "filters-panel",
			"x": 0,
			"y": 0.0491935462,
			"w": 0.454545468,
			"h": 0.950806439
		},
		{
			"name": "results-panel",
			"x": 0.454545468,
			"y": 0.0491935462,
			"w": 0.545454562,
			"h": 0.950806439
		},
		{
			"name": "mode-selector",
			"x": 0.384848505,
			"y": 0.0596774183,
			"w": 0.0565656573,
			"h": 0.0290322583
		}
	]
}