{
	"overlays": [
		{
			"name": "grabber",
			"x": 0.942520082,
			"y": 0.91788584,
			"w": 0.05748,
			"h": 0.0821142867
		}
	]
}